<?xml version="1.0" encoding="UTF-8"?>
<project-private xmlns="http://www.netbeans.org/ns/project-private/1">
    <editor-bookmarks xmlns="http://www.netbeans.org/ns/editor-bookmarks/2" lastBookmarkId="0"/>
    <open-files xmlns="http://www.netbeans.org/ns/projectui-open-files/2">
        <group>
            <file>file:/C:/Users/DELL/Documents/NetBeansProjects/onlinevoting/src/com/mycompany/onlinevoting/Login.java</file>
            <file>file:/C:/Users/DELL/Documents/NetBeansProjects/onlinevoting/src/com/mycompany/onlinevoting/Onlinevoting.java</file>
            <file>file:/C:/Users/DELL/Documents/NetBeansProjects/onlinevoting/src/com/mycompany/onlinevoting/splash.java</file>
            <file>file:/C:/Users/DELL/Documents/NetBeansProjects/onlinevoting/src/com/mycompany/onlinevoting/Elections.java</file>
            <file>file:/C:/Users/DELL/Documents/NetBeansProjects/onlinevoting/src/com/mycompany/onlinevoting/Voters.java</file>
            <file>file:/C:/Users/DELL/Documents/NetBeansProjects/onlinevoting/src/com/mycompany/onlinevoting/Voting.java</file>
            <file>file:/C:/Users/DELL/Documents/NetBeansProjects/onlinevoting/src/com/mycompany/onlinevoting/mainmenu.java</file>
            <file>file:/C:/Users/DELL/Documents/NetBeansProjects/onlinevoting/src/com/mycompany/onlinevoting/Candidates.java</file>
        </group>
    </open-files>
</project-private>
